{"cameraMode":{"drawMode":0,"name":"Shaded","section":"Shading Mode"},"sceneLighting":false,"audioPlay":false,"sceneViewState":{"m_AlwaysRefresh":false,"showFog":true,"showSkybox":false,"showFlares":true,"showImageEffects":true,"showParticleSystems":true,"showVisualEffectGraphs":true,"m_FxEnabled":true},"in2DMode":false,"pivot":{"x":0.36752188205718996,"y":2.2200000286102297,"z":50.4807243347168},"rotation":{"x":0.131602942943573,"y":-0.014867950230836869,"z":0.001975149614736438,"w":0.9911965727806091},"size":1.2419745922088624,"orthographic":false}